target_rate_eps,throughput_mean_eps,throughput_std_eps,p50_mean_us,p95_mean_us,p99_mean_us,p999_mean_us,max_latency_us,workers_mean,throttled_mean,throughput_efficiency_percent,throughput_cv_percent
10000,9808.584372333333,42.95631953879786,15.5,16.533333333333335,22.5,55.63660000000001,369.4,1.6666666666666667,0.0,98.08584372333333,0.43794616947949155
15000,14623.332533,159.64271035155954,14.700000000000001,16.633333333333336,21.834000000000003,86.26966666666665,945.0,2.3333333333333335,0.0,97.48888355333334,1.091698557707684
20000,17963.65254766667,2267.6505372579163,13.633333333333333,17.03333333333333,48.03966666666667,516.9625,49259.6,1.3333333333333333,0.0,89.81826273833335,12.623549310145535
25000,20367.204061666667,4571.879151462326,12.466666666666667,17.633333333333336,53.437333333333335,940.7428666666668,39023.8,5.666666666666667,6.0,81.46881624666666,22.44725951397084
30000,25272.657917666667,969.5736374567595,12.366666666666667,18.433333333333334,55.50233333333333,455.8415333333333,8970.1,5.333333333333333,83.0,84.24219305888889,3.8364529786120602
35000,26186.491572666666,1978.849995940101,12.266666666666666,18.0,52.905,459.8062,30418.6,7.0,471.3333333333333,74.81854735047618,7.5567587603282265
40000,29942.264259000003,6183.460406594469,12.366666666666667,15.866666666666667,21.468333333333334,153.27856666666665,19390.3,13.333333333333334,460.3333333333333,74.85566064750002,20.651278584370427
45000,32759.219471333334,630.0484759559114,13.166666666666666,16.233333333333334,22.001,108.33573333333334,10371.2,8.666666666666666,2448.0,72.79826549185185,1.9232707192772067
50000,31623.91960166667,1310.285468616923,13.5,16.1,16.400000000000002,28.400666666666666,4553.0,5.333333333333333,3740.6666666666665,63.247839203333335,4.143336705636791
