target_rate_eps,repetitions,throughput_mean_eps,throughput_std_eps,throughput_cv_percent,throughput_efficiency_percent,p99_mean_us,p999_mean_us,max_latency_observed_us,workers_mean,workers_max,throttled_mean,throttled_rate_percent
10000,3,9808.584372333333,42.95631953879786,0.43794616947949155,98.08584372333333,22.5,55.63660000000001,369.4,1.6666666666666667,2,0.0,0.0
15000,3,14623.332533,159.64271035155954,1.091698557707684,97.48888355333334,21.834000000000003,86.26966666666665,945.0,2.3333333333333335,4,0.0,0.0
20000,3,17963.65254766667,2267.6505372579163,12.623549310145535,89.81826273833335,48.03966666666667,516.9625,49259.6,1.3333333333333333,2,0.0,0.0
25000,3,20367.204061666667,4571.879151462326,22.44725951397084,81.46881624666666,53.437333333333335,940.7428666666668,39023.8,5.666666666666667,8,6.0,0.024
30000,3,25272.657917666667,969.5736374567595,3.8364529786120602,84.24219305888889,55.50233333333333,455.8415333333333,8970.1,5.333333333333333,8,83.0,0.27666666666666667
35000,3,26186.491572666666,1978.849995940101,7.5567587603282265,74.81854735047618,52.905,459.8062,30418.6,7.0,16,471.3333333333333,1.3466666666666667
40000,3,29942.264259000003,6183.460406594469,20.651278584370427,74.85566064750002,21.468333333333334,153.27856666666665,19390.3,13.333333333333334,16,460.3333333333333,1.1508333333333334
45000,3,32759.219471333334,630.0484759559114,1.9232707192772067,72.79826549185185,22.001,108.33573333333334,10371.2,8.666666666666666,16,2448.0,5.4399999999999995
50000,3,31623.91960166667,1310.285468616923,4.143336705636791,63.247839203333335,16.400000000000002,28.400666666666666,4553.0,5.333333333333333,8,3740.6666666666665,7.481333333333333
