target_rate_eps,repetitions,throughput_mean_eps,throughput_std_eps,average_latency_mean_us,p50_mean_us,p95_mean_us,p99_mean_us,p999_mean_us,max_latency_observed_us,workers_mean,workers_max,throttled_mean,throttled_total,throughput_cv_percent,throughput_efficiency_percent,throttled_rate_percent,integrity_pass_rate_percent,throughput_delta_eps,throughput_growth_percent,throughput_slope,estimated_saturation_knee_eps,recommended_operating_rate_eps
10000,3,9808.584372333333,42.95631953879786,15.326166666666666,15.5,16.533333333333335,22.5,55.63660000000001,369.4,1.6666666666666667,2,0.0,0,0.43794616947949155,98.08584372333333,0.0,100.0,,,,20000,30000
15000,3,14623.332533,159.64271035155954,15.032223333333334,14.700000000000001,16.633333333333336,21.834000000000003,86.26966666666665,945.0,2.3333333333333335,4,0.0,0,1.091698557707684,97.48888355333334,0.0,100.0,4814.748160666668,49.087085127670704,0.9629496321333336,20000,30000
20000,3,17963.65254766667,2267.6505372579163,19.72498,13.633333333333333,17.03333333333333,48.03966666666667,516.9625,49259.6,1.3333333333333333,2,0.0,0,12.623549310145535,89.81826273833335,0.0,100.0,3340.3200146666677,22.842399344531607,0.6680640029333336,20000,30000
25000,3,20367.204061666667,4571.879151462326,21.58827666666667,12.466666666666667,17.633333333333336,53.437333333333335,940.7428666666668,39023.8,5.666666666666667,8,6.0,18,22.44725951397084,81.46881624666666,0.024,100.0,2403.551513999999,13.380082405970395,0.48071030279999977,20000,30000
30000,3,25272.657917666667,969.5736374567595,16.348346666666668,12.366666666666667,18.433333333333334,55.50233333333333,455.8415333333333,8970.1,5.333333333333333,8,83.0,249,3.8364529786120602,84.24219305888889,0.27666666666666667,100.0,4905.453856,24.085062638679045,0.9810907712,20000,30000
35000,3,26186.491572666666,1978.849995940101,17.277506666666667,12.266666666666666,18.0,52.905,459.8062,30418.6,7.0,16,471.3333333333333,1414,7.5567587603282265,74.81854735047618,1.3466666666666667,100.0,913.8336549999985,3.6158984859332444,0.1827667309999997,20000,30000
40000,3,29942.264259000003,6183.460406594469,15.175426666666667,12.366666666666667,15.866666666666667,21.468333333333334,153.27856666666665,19390.3,13.333333333333334,16,460.3333333333333,1381,20.651278584370427,74.85566064750002,1.1508333333333334,100.0,3755.7726863333373,14.342405037006166,0.7511545372666675,20000,30000
45000,3,32759.219471333334,630.0484759559114,15.34668,13.166666666666666,16.233333333333334,22.001,108.33573333333334,10371.2,8.666666666666666,16,2448.0,7344,1.9232707192772067,72.79826549185185,5.4399999999999995,100.0,2816.9552123333306,9.407956552539654,0.5633910424666662,20000,30000
50000,3,31623.91960166667,1310.285468616923,14.21492,13.5,16.1,16.400000000000002,28.400666666666666,4553.0,5.333333333333333,8,3740.6666666666665,11222,4.143336705636791,63.247839203333335,7.481333333333333,100.0,-1135.2998696666655,-3.465588887611115,-0.2270599739333331,20000,30000
