"LoadEPS","ThroughputEPS","EfficiencyPct","P99us","Workers","Throttled","Integrity"
"10000","9879.13","98.7913","19","2","0","PASS"
"15000","14671.26","97.8084","32","3","0","PASS"
"20000","19602.5","98.0125","38","2","0","PASS"
"25000","24001.68","96.00672","30","7","0","PASS"
"30000","27964.66","93.2155333333333","22","10","0","PASS"
"35000","31325.53","89.5015142857143","20","11","314","PASS"
"40000","32030.59","80.076475","19","12","2089","PASS"
"45000","31968.85","71.0418888888889","19","12","3234","PASS"
"50000","26648.46","53.29692","33","10","2389","PASS"
